<manifest alg="2" build="2017.0.2.363" opt="true" iceEnabled="true" iceMarkupVersion="2" iceEnabledOptions="link,responsive,cachebuster,textStyling" exportTarget="other" domain="www.c10navigation.com" resolutions="1x" timestamp="1495515521133">
  <folder name="css">
    <file name="site_global.css" crc="443350757"/>
    <file name="index.css" crc="4014956893" ref="index"/>
  </folder>
  <folder name="fonts">
    <file name="gotham rounded light.woff" crc="80434858"/>
    <file name="gotham rounded light.eot" crc="44303794"/>
  </folder>
  <folder name="assets">
    <file name="logo-01.png" crc="358944302" seo="true" mt="1495505299000"/>
  </folder>
  <folder name="scripts">
    <file name="jquery-1.8.3.min.js" crc="209076791" ref="phone>index:phone>home:phone>1st:phone>most:phone>dewan-kuliah:phone>bt1:phone>rpbk:phone>bp:phone>toilet:phone>legend:phone>3rd:phone>2nd:index"/>
    <file name="museutils.js" crc="4232573551" ref="phone>index:phone>home:phone>1st:phone>most:phone>dewan-kuliah:phone>bt1:phone>rpbk:phone>bp:phone>toilet:phone>legend:phone>3rd:phone>2nd:index"/>
    <file name="whatinput.js" crc="86476730" ref="phone>index:phone>home:phone>1st:phone>most:phone>dewan-kuliah:phone>bt1:phone>rpbk:phone>bp:phone>toilet:phone>legend:phone>3rd:phone>2nd:index"/>
    <file name="museconfig.js" crc="4152223963" ref="phone>index:phone>home:phone>1st:phone>most:phone>dewan-kuliah:phone>bt1:phone>rpbk:phone>bp:phone>toilet:phone>legend:phone>3rd:phone>2nd:index"/>
    <file name="jquery.watch.js" crc="3844535323" ref="phone>index:phone>home:phone>1st:phone>most:phone>dewan-kuliah:phone>bt1:phone>rpbk:phone>bp:phone>toilet:phone>legend:phone>3rd:phone>2nd:index"/>
    <file name="require.js" crc="4234670167" ref="phone>index:phone>home:phone>1st:phone>most:phone>dewan-kuliah:phone>bt1:phone>rpbk:phone>bp:phone>toilet:phone>legend:phone>3rd:phone>2nd:index"/>
  </folder>
  <folder name="images">
    <file name="logo-01.png" crc="358944302" seo="true" ref="phone>home:phone>1st:phone>most:phone>dewan-kuliah:phone>bt1:phone>rpbk:phone>bp:phone>toilet:phone>legend:phone>3rd:phone>2nd">
      <caption webpage="rpbk" alt=""/>
      <caption webpage="home" alt=""/>
      <caption webpage="legend" alt=""/>
      <caption webpage="toilet" alt=""/>
      <caption webpage="3rd" alt=""/>
      <caption webpage="2nd" alt=""/>
      <caption webpage="index" alt=""/>
      <caption webpage="bp" alt=""/>
      <caption webpage="1st" alt=""/>
      <caption webpage="most" alt=""/>
      <caption webpage="bt1" alt=""/>
      <caption webpage="dewan-kuliah" alt=""/>
    </file>
    <file name="logo-02.png" crc="352265586" seo="true" ref="phone>index:index">
      <caption webpage="index" alt=""/>
    </file>
    <file name="star.png" crc="4006649527" seo="true" ref="phone>home:phone>most">
      <caption webpage="most" alt=""/>
      <caption webpage="most" alt=""/>
      <caption webpage="home" alt=""/>
      <caption webpage="home" alt=""/>
    </file>
    <file name="246395.png" crc="499151988" seo="true" ref="phone>home">
      <caption webpage="home" alt=""/>
    </file>
    <file name="1st-crop-u3430.png" crc="479158153" seo="true" ref="phone>1st">
      <caption webpage="1st" alt=""/>
    </file>
    <file name="dk.png" crc="4243483492" seo="true" ref="phone>dewan-kuliah">
      <caption webpage="dewan-kuliah" alt=""/>
    </file>
    <file name="2nd.png" crc="4025351663" seo="true" ref="phone>2nd">
      <caption webpage="bt1" alt=""/>
      <caption webpage="2nd" alt=""/>
    </file>
    <file name="rpbk.png" crc="3780150363" seo="true" ref="phone>rpbk">
      <caption webpage="rpbk" alt=""/>
    </file>
    <file name="ming-crop-u1942.png" crc="290242795" seo="true" ref="phone>bp">
      <caption webpage="bp" alt=""/>
    </file>
    <file name="u1866-4.png" crc="3775146566" ref="phone>bp"/>
    <file name="u1939-4.png" crc="412996930" ref="phone>bp"/>
    <file name="suriati-crop-u1984.png" crc="4094532752" seo="true" ref="phone>bp">
      <caption webpage="bp" alt=""/>
    </file>
    <file name="u1978-4.png" crc="147552855" ref="phone>bp"/>
    <file name="u1981-4.png" crc="53602311" ref="phone>bp"/>
    <file name="rani-crop-u2003.png" crc="313964640" seo="true" ref="phone>bp">
      <caption webpage="bp" alt=""/>
    </file>
    <file name="u1997-4.png" crc="3795567150" ref="phone>bp"/>
    <file name="u2000-4.png" crc="4091904139" ref="phone>bp"/>
    <file name="saifudin-crop-u2041.png" crc="45583256" seo="true" ref="phone>bp">
      <caption webpage="bp" alt=""/>
    </file>
    <file name="u2035-4.png" crc="192768676" ref="phone>bp"/>
    <file name="u2038-4.png" crc="4220226349" ref="phone>bp"/>
    <file name="first floor.png" crc="4087246167" seo="true" ref="phone>toilet:phone>legend">
      <caption webpage="toilet" alt=""/>
      <caption webpage="legend" alt=""/>
    </file>
    <file name="toilet - 1st-crop-u2149.png" crc="3840938637" seo="true" ref="phone>toilet">
      <caption webpage="toilet" alt=""/>
    </file>
    <file name="second floor.png" crc="4237346569" seo="true" ref="phone>toilet:phone>legend">
      <caption webpage="toilet" alt=""/>
      <caption webpage="legend" alt=""/>
    </file>
    <file name="toilet - 2nd-crop-u2166.png" crc="4088702385" seo="true" ref="phone>toilet">
      <caption webpage="toilet" alt=""/>
    </file>
    <file name="3rd floor.png" crc="4129050235" seo="true" ref="phone>toilet">
      <caption webpage="toilet" alt=""/>
    </file>
    <file name="legend 1.png" crc="3803002562" seo="true" ref="phone>legend">
      <caption webpage="legend" alt=""/>
    </file>
    <file name="logo-02-crop-u2808.png" crc="4006192267" seo="true" ref="phone>legend">
      <caption webpage="legend" alt=""/>
    </file>
    <file name="3rd-crop-u2576.png" crc="4292720680" seo="true" ref="phone>3rd">
      <caption webpage="3rd" alt=""/>
    </file>
    <file name="bt.png" crc="4051528535" seo="true" ref="phone>bt1">
      <caption webpage="bt1" alt=""/>
    </file>
    <file name="toilet - 3rd-crop-u2180.png" crc="4086770475" seo="true" ref="phone>toilet">
      <caption webpage="toilet" alt=""/>
    </file>
  </folder>
  <folder name="phone">
    <folder name="css">
      <file name="master_a-master.css" crc="386863639" ref="phone>legend:phone>bt1:phone>home:phone>3rd:phone>rpbk:phone>1st:phone>2nd:phone>bp:phone>most:phone>dewan-kuliah:phone>toilet"/>
      <file name="legend.css" crc="4146688240" ref="phone>legend"/>
      <file name="bt1.css" crc="173924073" ref="phone>bt1"/>
      <file name="home.css" crc="4101963003" ref="phone>home"/>
      <file name="3rd.css" crc="388107953" ref="phone>3rd"/>
      <file name="rpbk.css" crc="3837962252" ref="phone>rpbk"/>
      <file name="1st.css" crc="314763028" ref="phone>1st"/>
      <file name="2nd.css" crc="529005472" ref="phone>2nd"/>
      <file name="bp.css" crc="280220361" ref="phone>bp"/>
      <file name="most.css" crc="3942377189" ref="phone>most"/>
      <file name="dewan-kuliah.css" crc="209305046" ref="phone>dewan-kuliah"/>
      <file name="toilet.css" crc="189316174" ref="phone>toilet"/>
      <file name="index.css" crc="437023201" ref="phone>index"/>
    </folder>
    <file name="index.html" crc="4113572298" seo="true" mt="1495514539995" redirect="true"/>
    <file name="home.html" crc="526083770" seo="true" mt="1495515512171" redirect="true"/>
    <file name="1st.html" crc="371163471" seo="true" mt="1495515512171" redirect="true"/>
    <file name="most.html" crc="234922175" seo="true" mt="1495515512171" redirect="true"/>
    <file name="dewan-kuliah.html" crc="136282851" seo="true" mt="1495515512171" redirect="true"/>
    <file name="bt1.html" crc="4197074691" seo="true" mt="1495515512171" redirect="true"/>
    <file name="rpbk.html" crc="200179105" seo="true" mt="1495515512171" redirect="true"/>
    <file name="bp.html" crc="67828566" seo="true" mt="1495515512171" redirect="true"/>
    <file name="toilet.html" crc="3879816204" seo="true" mt="1495515512171" redirect="true"/>
    <file name="legend.html" crc="3933743488" seo="true" mt="1495515512171" redirect="true"/>
    <file name="3rd.html" crc="4231231447" seo="true" mt="1495515512171" redirect="true"/>
    <file name="2nd.html" crc="4271154188" seo="true" mt="1495515512171" redirect="true"/>
  </folder>
  <file name="index.html" crc="4180637366" seo="true" mt="1495505378736" redirect="true"/>
</manifest>